frame_index,time_s,detected,wrist_x,wrist_y,wrist_z,palm_axis_angle_rad,pour_angle_rad,palm_axis_x,palm_axis_y,palm_axis_z,wrist_to_middle_x,wrist_to_middle_y,wrist_to_middle_z,palm_normal_x,palm_normal_y,palm_normal_z,wrist_x_smooth,wrist_y_smooth,wrist_z_smooth,palm_axis_angle_rad_smooth,pour_angle_rad_smooth,palm_axis_x_smooth,palm_axis_y_smooth,palm_axis_z_smooth,palm_normal_x_smooth,palm_normal_y_smooth,palm_normal_z_smooth
0,0.0,True,0.5935949683189392,0.5325465202331543,-2.8178732236483484e-07,-1.5900234904752033,-1.560816786040914,-0.018497964830767932,-0.9619559918456101,-0.27257750283075116,0.00984279384530649,-0.9862645319841112,0.1648799331619248,-0.9998125978684148,0.019353702749594956,-0.00045092515107305025,0.5936027566591898,0.5331961711247762,-2.0776588864161263e-07,-1.5164447998368165,-1.5812459086853634,0.05211208436640915,-0.9583405982134025,-0.2760979466531433,-0.9754520001866828,-0.0011043532296341138,-0.1755863595483609
1,0.03427382297551789,True,0.5935483574867249,0.5335630178451538,-1.8673719637263275e-07,-1.4650525395282321,-1.5945317837189799,0.10135940262931174,-0.9549622869592759,-0.2788786510010017,-0.023338021089147603,-0.9830709531855656,0.18173287477632105,-0.9495388373180615,-0.009228020550758442,-0.31351369995803813,0.5939942449331284,0.5347971022129059,-1.9690932973048803e-07,-1.5135297283558353,-1.5830432712147713,0.05469594582516872,-0.9549131712048254,-0.2876079197303898,-0.9775915269672875,-0.0019104684229231087,-0.1762047742123059
2,0.06854764595103578,True,0.5936649441719055,0.5334789752960205,-1.5477314718737034e-07,-1.4942583695070142,-1.588389156296197,0.07347481530068362,-0.9581035158353214,-0.2768376861276771,-0.0170344221296662,-0.9681594802107929,0.24975397762733534,-0.9770045653735718,-0.013438741887738855,-0.2127944535359716,0.5943939447402954,0.5362165451049805,-1.9545272778032086e-07,-1.511571635318846,-1.5843253335680876,0.05655620280490696,-0.9545182964759361,-0.2893525158751046,-0.9774648078679886,-0.0013765325374088043,-0.18364994064360712
3,0.10282146892655367,True,0.5951687097549438,0.5395998954772949,-1.6433965299711417e-07,-1.5047845139128917,-1.5884353588029951,0.062447530201447436,-0.9446308901790945,-0.32213783896212933,-0.01696126707532154,-0.9614761142915379,0.27436471541735336,-0.9840101073091019,-0.004328814002790093,-0.17806001820414086,0.5947565078735352,0.5382572293281556,-1.7505569189779634e-07,-1.4782124144885997,-1.5925567337279507,0.08822148939807115,-0.9502588218198218,-0.29667854272162997,-0.9648983112606274,-0.010191787243339172,-0.2532611354861526
4,0.13709529190207156,True,0.5959927439689636,0.5418943166732788,-1.8962631997965218e-07,-1.5037392631708881,-1.5894535829813525,0.0639972307238599,-0.9529387975603786,-0.2963309004539637,-0.018307939683231963,-0.9811633158256905,0.19231060039033607,-0.9769579314707935,0.0007592110046484129,-0.213430606368812,0.5951859831809998,0.5403918504714966,-1.7165641850169777e-07,-1.4725459374627816,-1.5948998250072894,0.09292608322709463,-0.9444344797820946,-0.3122396528285255,-0.9662301956173946,-0.011622646743023695,-0.24901060125132948
5,0.17136911487758946,True,0.5954077839851379,0.5427499413490295,-1.798021429522123e-07,-1.4232273863239722,-1.6019737868402282,0.13982846813505298,-0.9406586185650385,-0.309207637063378,-0.030509453154708047,-0.9782569542534458,0.20514020747521,-0.9369801148316088,-0.024722570780056893,-0.3485068993638004,0.595817768573761,0.5433820009231567,-1.752262960508233e-07,-1.468934023249083,-1.594166295236651,0.09577844873970395,-0.9377547126226904,-0.3309595062208991,-0.9669494827994244,-0.011882692804097336,-0.24554362222931916
6,0.20564293785310733,True,0.5956957340240479,0.5442361235618591,-1.6974082939213986e-07,-1.436720154399141,-1.606247240115675,0.12488237177442917,-0.9258405767706397,-0.3566842015354794,-0.034477503496722094,-0.9721345843887998,0.2318742150129007,-0.956198259101897,-0.01638231804918106,-0.2922610287839226,0.5962298154830933,0.5450454711914062,-1.8269229542511312e-07,-1.4720641494383546,-1.584893912265118,0.09256571407851874,-0.9328775771928083,-0.34424867683544635,-0.9693757565425383,-0.013736615456992817,-0.22727202518031656
7,0.23991676082862523,True,0.5968238711357117,0.5484297275543213,-1.7262253493299795e-07,-1.4761987984385236,-1.584721507443005,0.08773664286373027,-0.924704680038301,-0.37043695308954505,-0.013390573019195245,-0.9615464116001753,0.274315859718398,-0.9806010012837205,-0.014738972193107045,-0.19545955842591978,0.5965523838996887,0.548261034488678,-1.8620107766764704e-07,-1.4746206945214475,-1.5713450993083602,0.08909216897580162,-0.9139499877866573,-0.38718725969119533,-0.9736933536470371,-0.01912792820642944,-0.1940087492630618
8,0.27419058380414313,True,0.5972289443016052,0.5479172468185425,-2.0166964986856328e-07,-1.5204351448592484,-1.5420734439453294,0.04638385689552138,-0.9202452130296841,-0.3885836920348654,0.028346698666738713,-0.9866315650297903,0.1604824587347909,-0.9961414760246714,-0.013598427267267505,-0.08670203295912803,0.5973674416542053,0.554239010810852,-1.9173573093667073e-07,-1.4956408530179748,-1.5595753205386897,0.06833456153243882,-0.8954454467478561,-0.43105600799275895,-0.9860509539270964,-0.016687034064739138,-0.13391059211846873
9,0.308464406779661,True,0.5976055860519409,0.5579721331596375,-2.071702311923218e-07,-1.5165219885863521,-1.5217095181975628,0.04662950521027432,-0.8583008505296237,-0.5110238147327085,0.04819209399764301,-0.9809841510116317,0.18800962087114192,-0.9985459169932882,-0.026197352742534676,-0.04711422678253816,0.597711980342865,0.5603856086730957,-1.9688379211402206e-07,-1.538299876491811,-1.540050361373816,0.030615510239682252,-0.8707933523547842,-0.4783456139268461,-0.9934269335359198,-0.014966011170095,-0.05201885658481953
10,0.3427382297551789,True,0.599483072757721,0.5726398229598999,-2.0747540929733077e-07,-1.5283281788066088,-1.5431248929918766,0.03604043091823895,-0.8481359133710324,-0.5285513785711964,0.02672777981672707,-0.9656513560103847,0.2584629265898182,-0.9987681162319048,-0.012518100071605412,-0.04801611364083501,0.5979907512664795,0.5673875212669373,-1.9215895292745698e-07,-1.567106428624371,-1.5244722529586412,0.0061379857488144465,-0.8259255836006195,-0.5468467228455782,-0.9968663613026321,-0.015242834141811226,-6.006082862849427e-05
11,0.3770120527306968,True,0.5974184274673462,0.5749691128730774,-1.9548113527889655e-07,-1.6500152717683223,-1.5086224442913057,-0.06371288468935367,-0.8025801048052799,-0.5931322312059152,0.06112006326619703,-0.9817834343943461,0.1799044908143727,-0.9930781571460148,-0.007777203575960373,0.11719764888432337,0.5987138867378234,0.5758264183998107,-1.7628373711886524e-07,-1.5845755070444865,-1.5203673479497304,-0.008057688878359982,-0.7748159840031393,-0.6184715690138247,-0.9974584612062847,-0.014410150933591622,0.02554163629039103
12,0.41128587570621467,True,0.5982177257537842,0.583439290523529,-1.4899833900017256e-07,-1.6202315591013234,-1.5068309653671306,-0.034650979590608734,-0.7003658362674775,-0.712942497683206,0.062068485323965,-0.9690214887507056,0.23904990581247865,-0.9977981401172811,-0.016123087051688162,0.06433442035503535,0.5995610475540161,0.5833536863327027,-1.6202017150135362e-07,-1.6024625974555609,-1.5162369179476745,-0.022159957025034708,-0.7389421435348836,-0.6630294000781963,-0.9973982465599132,-0.013889753632394327,0.045828165360779
13,0.44555969868173256,True,0.6008446216583252,0.5901117324829102,-1.2229357082560455e-07,-1.607780536959825,-1.521548918900777,-0.024594516240350778,-0.6646972150422827,-0.7467079228760979,0.04781007959641533,-0.9700291652250761,0.23823856720045639,-0.9991019755429346,-0.00943501122616949,0.041306452635969604,0.6001919746398926,0.5890219449996948,-1.505118092381963e-07,-1.60790997591968,-1.509589463284383,-0.027401549681165316,-0.6984140645963082,-0.7100592772965212,-0.9975358933586197,-0.017462043003720652,0.05799331800588081
14,0.47983352165725046,True,0.601841390132904,0.5956084728240967,-1.3585240310476365e-07,-1.6059574406417252,-1.5010573681872832,-0.023881835523099307,-0.6789316481883458,-0.7338129700545662,0.06777791700035446,-0.9703041585844372,0.23219817785857108,-0.9982448437614303,-0.023595366236548204,0.0543184185694017,0.6016241788864136,0.5953238606452942,-1.4165383674935583e-07,-1.593683989931285,-1.5086637506137632,-0.015771789282822326,-0.6754663710229234,-0.7366007233012057,-0.9987191451581442,-0.021600360967344974,0.04148108009963662
15,0.5141073446327684,True,0.6026377081871033,0.6009811162948608,-1.4993359798154415e-07,-1.5555650711272035,-1.5098876196754194,0.00983246763758592,-0.6454955186781545,-0.7637007646628202,0.05908312167946889,-0.9688276572370964,0.24058710544226633,-0.9994563502254378,-0.030379546928237033,0.012809649584674034,0.6030012130737304,0.6017050385475159,-1.4243064185848198e-07,-1.5815927413756217,-1.5064775553130136,-0.007274283207062096,-0.6775985582205861,-0.734636477377838,-0.9989309843176578,-0.026119015866004302,0.03421800129935959
16,0.5483811676082863,True,0.6045794486999512,0.6064786911010742,-1.5119127283469425e-07,-1.578885341826347,-1.5039938809382065,-0.0055640826976387356,-0.6878416369383564,-0.7258394612293384,0.06474847099681488,-0.9678107846156323,0.24320756708056762,-0.9989944161436368,-0.028468793394081968,0.03463645935310241,0.6044077754020691,0.6094791650772095,-1.4615077361668228e-07,-1.5679546838325689,-1.5026020063781782,0.0020877725028219164,-0.686993892313425,-0.7257266186473348,-0.9989520258506335,-0.03203492205232717,0.027542529502381424
17,0.5826549905838041,True,0.6051028966903687,0.6153451800346375,-1.5288236454580328e-07,-1.559775316323008,-1.4958999888633824,0.007836550788192415,-0.7110267722557907,-0.703121268066367,0.07255092315990573,-0.9668725761494887,0.24473206785931534,-0.9988573359148499,-0.038716361544984826,0.028019026353650202,0.6059478998184205,0.6183266639709473,-1.4731864155237418e-07,-1.5523050570738148,-1.5014827326158868,0.012644732879000605,-0.6852854271658433,-0.7272533060940055,-0.9990908281526973,-0.036511994595287686,0.017205571275567124
18,0.616928813559322,True,0.6078774333000183,0.6289823651313782,-1.4089422961660603e-07,-1.5395902492445606,-1.5021711742265997,0.022215762309069288,-0.7116738855064777,-0.702158629223582,0.06616925874187692,-0.9626988193879302,0.2623597003097767,-0.9992071832078125,-0.03901454215778381,0.007929093651078764,0.6076491117477417,0.6290390372276307,-1.4670940799987876e-07,-1.546338305135263,-1.4963571830789448,0.016661951540477855,-0.6888759698772744,-0.7240379100219457,-0.9988872036255859,-0.041464270299725534,0.0164390134944259
19,0.6512026365348399,True,0.6095420122146606,0.6398459672927856,-1.4169174278322316e-07,-1.5277093068479548,-1.4954609993758257,0.028902966357794144,-0.6703893224504373,-0.7414464072879197,0.07331787321909845,-0.9713785043880327,0.22593868787681534,-0.9989388552717499,-0.04598072895135081,0.0026336274353302162,0.6093563318252564,0.6428857803344726,-1.4640567371770886e-07,-1.5292564439185603,-1.492274124653868,0.027985831506922854,-0.6831062489476799,-0.7289528666276391,-0.9986689352480532,-0.04848955093822681,0.0071025278865626314
20,0.6854764595103578,True,0.6111437678337097,0.6545429825782776,-1.4688743021906703e-07,-1.5257313114344446,-1.4842598719907092,0.029918560944972167,-0.66344823223531,-0.7476237843025221,0.08441845893905357,-0.9730885056192176,0.2144114829530204,-0.99843822758988,-0.05514092545042624,0.0089768606789679,0.6111554980278016,0.6583351850509643,-1.452392552891979e-07,-1.5071961002747334,-1.489626776947839,0.04164966168113387,-0.6658266769241379,-0.7437685089517967,-0.9982313482507138,-0.05484307685789713,-0.00670398973075925
21,0.7197502824858757,True,0.6131155490875244,0.6757124066352844,-1.4967260142384475e-07,-1.4934760357428338,-1.4835785888128232,0.051055317134586255,-0.6589930322903839,-0.7504142442578047,0.08435452625372085,-0.964718032718151,0.24940615719931758,-0.997903074255974,-0.06359519658658837,-0.01204596868621392,0.6127442598342896,0.6751486301422119,-1.4857036774174047e-07,-1.4944527818360906,-1.4845883179324706,0.049189615435283704,-0.6493532361835092,-0.7583055837571597,-0.9978533765951558,-0.06112814661008627,-0.01227164302197543
22,0.7540241054613936,True,0.6140987277030945,0.692592203617096,-1.4705027240324853e-07,-1.4494735981038733,-1.4826632503332375,0.07615570165924751,-0.6246289121380811,-0.7771994796871553,0.08617676945012688,-0.9752698192746652,0.20352479951863778,-0.9966694009281526,-0.07048399114333645,-0.041013561732959204,0.6143955588340759,0.6920481204986573,-1.5523240506354342e-07,-1.4827643572365357,-1.4810224849970792,0.05543699144150318,-0.6333361740321121,-0.7710038015229548,-0.9975263318463522,-0.06583370481194473,-0.017505946206668798
23,0.7882979284369115,True,0.6158212423324585,0.713049590587616,-1.5754979187931895e-07,-1.4758736570513467,-1.4769788791497582,0.05991553107981842,-0.6293066818033333,-0.7748440032503973,0.09177328870582749,-0.9753396496359336,0.2007242669140209,-0.9973173249300235,-0.07043989091872947,-0.019909172805002148,0.6157758355140686,0.7072816252708435,-1.6439177272786764e-07,-1.4776016531920055,-1.4763231551557803,0.05779224913658569,-0.61810099796513,-0.7831419933210947,-0.9972293384656039,-0.07037208351423441,-0.01827665645235859
24,0.8225717514124293,True,0.6177985072135925,0.7243434190750122,-1.750019293922378e-07,-1.4692671838501803,-1.4776318346988677,0.06013984638889154,-0.5903040116934527,-0.8049374961168951,0.09140373350932499,-0.978260368736503,0.18615049948919699,-0.9973036315277313,-0.06950851996064313,-0.023537888488136625,0.616844654083252,0.7196858167648316,-1.6770497666129813e-07,-1.4848323142045614,-1.4700322602623712,0.052528426996957665,-0.6064094657042078,-0.7929022410719349,-0.9969298097485642,-0.07357368344281648,-0.010072468738123692
25,0.8568455743879473,True,0.6180451512336731,0.730710506439209,-1.926842685406882e-07,-1.4999177912117938,-1.460763222784214,0.041694849420384775,-0.5872723519003991,-0.8083147432932208,0.10825241445286798,-0.9798431251942363,0.16789539831310635,-0.9969532606861378,-0.0778328189618746,0.005123309450518949,0.6177878618240357,0.729777717590332,-1.7055581906788576e-07,-1.4954438228129878,-1.4650905719268346,0.0455087262282988,-0.6015841421974217,-0.7971760014927065,-0.9969279051597824,-0.07569343110470249,7.630219875021209e-05
26,0.8911193973634651,True,0.6184596419334412,0.7377333641052246,-1.6623862109099719e-07,-1.5296293408056132,-1.4521241143457788,0.024736206436446105,-0.6005353709857731,-0.7992154830120055,0.11630784301167352,-0.9754713078028622,0.18689091285385076,-0.9964054306707754,-0.07960319622949881,0.028974969884960566,0.6183692932128906,0.7359059810638428,-1.7380607175709883e-07,-1.4883144553694123,-1.461962084366355,0.049575670530004376,-0.5979468828763789,-0.7996990129161198,-0.9965798745963582,-0.07917668631699308,-0.0025973520764726006
27,0.9253932203389831,True,0.6188147664070129,0.7430517077445984,-1.613044844361866e-07,-1.5025311411460056,-1.457954808655554,0.04105719781595316,-0.6005022946041507,-0.7985682817910135,0.11009795748286053,-0.9715418762056742,0.20972558865541605,-0.9966598779842445,-0.08108272945276647,0.009730292951410318,0.6184499502182007,0.7380250930786133,-1.7312163436145056e-07,-1.480884388250416,-1.4565744996057313,0.05431420831111605,-0.6000111682330754,-0.7977361895994055,-0.9960938801696683,-0.08442200856094725,-0.004404945907824599
28,0.9596670433145009,True,0.6187283992767334,0.7436909079551697,-1.7380105532538437e-07,-1.4402268198334687,-1.4613364413473608,0.0802502525883463,-0.6111203851981193,-0.7874590603674637,0.10645958400705012,-0.9687024878483226,0.2242361411760295,-0.995577172112902,-0.08785616698018246,-0.03327744418111621,0.6186608076095581,0.7374509930610657,-1.670823309041225e-07,-1.4646506192045765,-1.4539396311407402,0.06454424542223824,-0.6037405721608075,-0.7940911531752948,-0.9955423837344985,-0.08880259986458203,-0.0134981369866029
29,0.9939408662900189,True,0.6182017922401428,0.7349389791488647,-1.7157974241399643e-07,-1.4321168482551991,-1.4506939108957488,0.08383253529444995,-0.6006254384769347,-0.7951233795333241,0.11734932449141386,-0.9723746323815939,0.20178382081368432,-0.9948736593942813,-0.09573513118041396,-0.03257585764489662,0.6189072132110596,0.73246169090271,-1.707708264575558e-07,-1.4450699205207411,-1.4503238301550687,0.07610860201768095,-0.6015953572137167,-0.7949103324737008,-0.9950379785186527,-0.09449266819797093,-0.02385475797849784
30,1.0282146892655368,True,0.6190994381904602,0.727840006351471,-1.624877512540479e-07,-1.4187489459825964,-1.44758888045926,0.09284503497599574,-0.6059193715390591,-0.7900895611726673,0.12038951621645068,-0.9721792671148565,0.20093241893031974,-0.9941957785102897,-0.09973577548004844,-0.04034264594337254,0.6193915724754333,0.7235085010528565,-1.768600611740112e-07,-1.4364563471950713,-1.4458610378338252,0.08071098882602429,-0.5961135101406372,-0.7985930643002277,-0.9946372665379608,-0.09889302528074834,-0.02693909064270919
31,1.0624885122410546,True,0.6196916699409485,0.712786853313446,-1.8468109885816375e-07,-1.431725847386436,-1.4340451094174216,0.0825579894136596,-0.5898092962503202,-0.8033113795040353,0.1340651362691421,-0.9742390770682948,0.18134155604894686,-0.9938834045915468,-0.10805353789644336,-0.022808135074514135,0.6199565291404724,0.7122859835624695,-1.7705438040138688e-07,-1.4300127776240452,-1.444280368790516,0.08443412358888865,-0.5942809379972408,-0.7995780855263795,-0.9943186429602523,-0.10081231268817037,-0.03028098129904296
32,1.0967623352165725,True,0.6212365627288818,0.6982857584953308,-1.9175065801846358e-07,-1.4594632745176572,-1.435640847049335,0.06406913185766987,-0.5730930592387526,-0.8169819409236486,0.13273652654641552,-0.976115122664837,0.17198919101328183,-0.9946563180807843,-0.10308451486665343,-0.0056913703696464405,0.6208284735679627,0.6986992001533509,-1.7538851864173922e-07,-1.4226763787972172,-1.447855576938563,0.0882291209551336,-0.5902036004041797,-0.8021397463934756,-0.9941931770925461,-0.0985664890656776,-0.036930867956083885
33,1.1310361581920905,True,0.6215531826019287,0.6875783205032349,-1.7477265146226273e-07,-1.4080089719783386,-1.4534330961308135,0.09886592640266803,-0.6019575244811374,-0.7923841664982227,0.11474647133522489,-0.9732106220513647,0.19923436561625127,-0.9939840542243592,-0.09745260401729268,-0.04998689746278505,0.6210891008377075,0.6823800206184387,-1.6922916472594808e-07,-1.4102282750599202,-1.4532121147939085,0.09530675419323512,-0.5868652724663928,-0.803667053596862,-0.9936872167791032,-0.09587411029536118,-0.04799911751650164
34,1.1653099811676082,True,0.622561514377594,0.6670050621032715,-1.6325043361575808e-07,-1.3954348541210573,-1.4685699516359856,0.10280752212567479,-0.5802387505116298,-0.8079316838688043,0.10012682203402132,-0.9760474810299617,0.19314744182730958,-0.9942463300557498,-0.0845060130679501,-0.06582529093010125,0.6210620045661926,0.66502685546875,-1.5454589146202126e-07,-1.3974172953933894,-1.4629303786913577,0.10435055972423757,-0.592979300771594,-0.7977694231540357,-0.9932710254322427,-0.09040087796899167,-0.06325410144889577
35,1.1995838041431262,True,0.6204025745391846,0.6462441086769104,-1.316909816750922e-07,-1.3565084272961112,-1.474371569735987,0.1282332011665033,-0.5892277318501238,-0.797726097189599,0.09432030034956661,-0.9751416563646511,0.20050543874013005,-0.9916659769430757,-0.08627388162846639,-0.09568389374546131,0.6202340126037598,0.6455617189407349,-1.377106329414346e-07,-1.3733576043323452,-1.4724315890600814,0.12049843135023035,-0.6011500016959564,-0.7895632560467059,-0.9922254271935916,-0.08650473381987225,-0.08581560928207166
36,1.233857627118644,True,0.619556188583374,0.6260210275650024,-1.1126473253852964e-07,-1.367670949053784,-1.4826364289046676,0.12777701706867184,-0.6203794377763265,-0.7738232272899034,0.08611975412676949,-0.9743265147171536,0.20801738068793432,-0.9918024478572446,-0.08068737626459578,-0.09908305473648481,0.6193786859512329,0.6240978837013245,-1.1149727043857638e-07,-1.380516274342104,-1.4843190044075694,0.1172920847043257,-0.6105101518094255,-0.7823809959474867,-0.9927373488074931,-0.07684482827681167,-0.08921181666081839
37,1.268131450094162,True,0.6170966029167175,0.6009600758552551,-1.0757436541553034e-07,-1.3391648192124355,-1.4831468988929533,0.14480848998763382,-0.6139465638605649,-0.7759511053869999,0.0859389033311303,-0.977972356552789,0.19022243483045617,-0.9894283268875292,-0.08360379412105634,-0.1184989095355259,0.6186241388320923,0.6035462021827698,-5.8636136657241875e-08,-1.3913206565633103,-1.5002640088606345,0.11456140747277341,-0.6406903217143303,-0.7560701448019487,-0.9927766961701117,-0.0653775484592432,-0.09638863531314475
38,1.3024052730696798,True,0.6172765493392944,0.5802591443061829,-4.370583894797164e-08,-1.4438023220271317,-1.5128701728682536,0.08283419317314479,-0.6487582750484827,-0.7564728660021267,0.05622003126235343,-0.9694608120391301,0.2387153995981205,-0.9965436622938664,-0.0491530763019898,-0.06696793435651864,0.617786979675293,0.5822933912277222,-6.7180295104662944e-09,-1.4133105620804158,-1.5139666311371553,0.10405699811202236,-0.6674439488165733,-0.7338631643047527,-0.9936564894543256,-0.05272667293210006,-0.09436878506996223
39,1.3366790960451977,True,0.6187887787818909,0.564246654510498,1.0105523529091442e-07,-1.449456765227089,-1.5482949739013112,0.08915413596791334,-0.7311396000361536,-0.6763774281411141,0.02146585533276413,-0.9538196442346704,0.2996119212028783,-0.9944430668688431,-0.027169613980107764,-0.10170938419173306,0.6167654514312744,0.5619219064712524,4.736265850624477e-08,-1.435297127198569,-1.5279444876794162,0.09300576866935403,-0.6985538614038365,-0.7044260751603788,-0.9944436712667374,-0.040676738311920514,-0.09253819630550328
40,1.3709529190207157,True,0.616216778755188,0.5399800539016724,1.2789955405878572e-07,-1.4664579548816383,-1.5428846811185908,0.075711154362748,-0.7229958673613391,-0.6866911947036201,0.026702493312381077,-0.9564308382470372,0.2907353237929162,-0.9960649433641448,-0.023019503992750646,-0.08558464252954867,0.6161370277404785,0.5426574110984802,9.75098828348564e-08,-1.4704287785055936,-1.5412143211382736,0.0728455835992458,-0.7328452812132268,-0.6727193623820499,-0.9962196578892606,-0.02616901556745215,-0.08025450794781733
41,1.4052267419962334,True,0.6144485473632812,0.5241636037826538,1.5913870754502568e-07,-1.4776037746445516,-1.5525257116159723,0.07252086985533018,-0.7759290007126423,-0.6266377815680336,0.017312193944262304,-0.9474375861464116,0.3194719209850801,-0.9957383569193033,-0.020437703163698025,-0.0899301109141901,0.6155497074127197,0.526005208492279,1.428335366426836e-07,-1.4811737147988482,-1.5503976181081565,0.06742359455630942,-0.7549293281808869,-0.6511233317047459,-0.9963271027968531,-0.018009964682262593,-0.08203965874226167
42,1.4395005649717514,True,0.613954484462738,0.504637598991394,1.431617562275278e-07,-1.514823075747557,-1.5494960661872392,0.04400756463709268,-0.7854036629075161,-0.6174175414953554,0.0203454968244004,-0.9550314984991352,0.29580550642857334,-0.9983082600001447,-0.011065180398714524,-0.05708046774709618,0.6146335482597352,0.5112040638923645,1.6094482191419957e-07,-1.4893582287415812,-1.551934889332522,0.061746036905837874,-0.7595036204803041,-0.6466568320172189,-0.9968196556192167,-0.015198679197971621,-0.07719850252592
43,1.4737743879472693,True,0.6143399477005005,0.496998131275177,1.8291243009116442e-07,-1.497527003493405,-1.558786657717669,0.05572424795846288,-0.7591785098867829,-0.6484927126156065,0.011428211277654183,-0.9515384445971296,0.3073174001592958,-0.9970808868318298,-0.008357821876042002,-0.07589368832874036,0.6144200325012207,0.49912903904914857,1.6800628372948266e-07,-1.4966939050791983,-1.5552379401418903,0.057340577965194886,-0.7733493866217466,-0.6308912990564552,-0.9970555683451299,-0.01285928409148305,-0.07474471641192075
44,1.5080482109227873,True,0.6142079830169678,0.4902409315109253,1.916116616484942e-07,-1.490379334940754,-1.5559813300231387,0.0607663477155556,-0.7540110615332402,-0.6540449297034788,0.014043110486044497,-0.9478289650718359,0.3184698478957299,-0.9969058309806609,-0.013113186558652904,-0.07750360311002473,0.6143754482269287,0.4886689126491547,1.639978250977947e-07,-1.5008118816489149,-1.555063992843008,0.05422286683832635,-0.7747204919495035,-0.6295003548212245,-0.9973976547663661,-0.012336330637086088,-0.07058368063456691
45,1.542322033898305,True,0.615149199962616,0.47960492968559265,1.6320686313520127e-07,-1.5031363365697248,-1.5593999351654322,0.05368385965953302,-0.792224698068552,-0.6078635298998019,0.010751074203809458,-0.9433344437055686,0.33166932586865727,-0.9972445069937108,-0.01132252846030779,-0.0733157119595524,0.6142061471939086,0.4808370530605316,1.5899512249006875e-07,-1.5043040325768466,-1.552742164781484,0.051406687286624876,-0.7729756754359501,-0.6318537606758006,-0.9976311728287559,-0.013218756682343657,-0.0648543348331486
46,1.576595856873823,True,0.6142256259918213,0.4718629717826843,1.3909641438658582e-07,-1.4981936574931336,-1.5516559751215595,0.05693231422098756,-0.7827845273514269,-0.6196830603918796,0.018094559672281275,-0.9452464751592262,0.3258553177551725,-0.9974487890254838,-0.017822935891713212,-0.06912493202742094,0.6140440464019775,0.47419875860214233,1.4080114283387956e-07,-1.5086046746650947,-1.5500331941507153,0.048187896237722995,-0.7741160603228678,-0.6307456316510047,-0.9979990836435713,-0.014491217374861236,-0.05848756777643673
47,1.610869679849341,True,0.6131079792976379,0.4654783010482788,1.1814824318889805e-07,-1.5322838303872162,-1.5378869258796206,0.029926666878585282,-0.7766795803397488,-0.6291845707682363,0.031358880635566716,-0.9525411612085218,0.30279028519555434,-0.9994758503120935,-0.015477310625002374,-0.028433738740004676,0.6138508796691895,0.46854732036590574,1.1448415051518169e-07,-1.5154103377385275,-1.548539178520326,0.04315175370489958,-0.7766275805704443,-0.6281717653671764,-0.9984280517865234,-0.014099696515289317,-0.05140898077804625
48,1.6451435028248587,True,0.6135294437408447,0.4638066589832306,9.19425318102185e-08,-1.5190302139346448,-1.5452418045638254,0.03963029271395348,-0.764880434321371,-0.6429520674916266,0.02414462007775067,-0.9446220078468875,0.3272709880399054,-0.9989204409059073,-0.0147201253386299,-0.04405985304518092,0.6133414387702942,0.46455355882644656,8.626821710322474e-08,-1.5235004324062893,-1.5462966360948769,0.03649002087097425,-0.7679108923996419,-0.6391314885364595,-0.998907582356361,-0.012588081203231035,-0.042042558754502926
49,1.6794173258003766,True,0.6132421493530273,0.46198374032974243,6.002670005500477e-08,-1.5244076503079178,-1.5485112518711919,0.03558563505143854,-0.7665686627711228,-0.6411755982843378,0.02107258526390398,-0.9454353118717591,0.3251276937085565,-0.9990506716954212,-0.01115558226079331,-0.04211066811807233,0.6131210088729858,0.46278483867645265,7.05776884046827e-08,-1.5359643302650938,-1.5476091318937217,0.026640364471277638,-0.7607972791517785,-0.6481021397497335,-0.9993623596893105,-0.007212821059465549,-0.032565483553583574
50,1.7136911487758946,True,0.6126019954681396,0.4596361219882965,2.2127196075416578e-08,-1.5435868099085333,-1.5481872230381875,0.020375195489906392,-0.74864125721454,-0.6626621457462174,0.02162176744719018,-0.9561671886675448,0.29202192809455857,-0.9996421598428987,-0.003764451900016389,-0.02648360184183579,0.6128953456878662,0.46273456811904906,6.03350628125554e-08,-1.538669723158997,-1.552787207012536,0.024431416046669326,-0.7565727779311682,-0.6532273545476893,-0.9992997320736048,-0.002214258552107512,-0.03483695094575713
51,1.7479649717514125,True,0.6131234765052795,0.46301937103271484,6.064377089387563e-08,-1.5605131467871562,-1.5582184541157822,0.0076840322225045,-0.7472164611121098,-0.6645363164582493,0.012006845517618518,-0.9545503158382892,0.2978078746335268,-0.9997226756902324,0.009053364827114227,-0.021739556022824142,0.6120539903640747,0.46312572360038756,4.847483694447874e-08,-1.5486364499369056,-1.5534938866525525,0.016790267277532415,-0.7510287838913519,-0.6597801866512857,-0.9995089679148741,0.0016070397819755763,-0.027403652911052172
52,1.7822387947269303,True,0.6119796633720398,0.465226948261261,6.693511522826157e-08,-1.5458107948567326,-1.5637773014736926,0.018881924755543737,-0.7555570742366974,-0.6548106447580152,0.006699134939314233,-0.9544095679384003,0.2984250294775911,-0.9991627122335651,0.009515501911787816,-0.03979107570087245,0.6113336563110352,0.46426247954368594,5.007406258528135e-08,-1.5604281166926843,-1.5542096029657304,0.007885491633425697,-0.7399269226740188,-0.6721601016216634,-0.9996871823335376,0.00596026357429527,-0.018585259793834047
53,1.8165126177024482,True,0.6093226671218872,0.4657624363899231,3.264140246983516e-08,-1.5688638478241876,-1.5487752027639081,0.0014245488682689104,-0.7371604641222891,-0.6757162280096086,0.021221600881482054,-0.9635371205891777,0.26673181456800993,-0.999966620112253,0.004386366331785536,-0.006893362871656191,0.611046576499939,0.4665342330932617,6.19152189074157e-08,-1.5671461840936212,-1.5567592805770973,0.002874818916750542,-0.736828869739182,-0.6756376334135775,-0.9997223374870844,0.009915098469200167,-0.015364924884675646
54,1.8507864406779662,True,0.6096404790878296,0.46766752004623413,6.802282825901784e-08,-1.5833659840868117,-1.5520898334370807,-0.008938243169095065,-0.711059356684458,-0.7030751731362265,0.018062925342040206,-0.9654839103286633,0.2598356203921269,-0.999941743788739,0.010610536700805157,0.0019812974680183367,0.6104223132133484,0.4679627656936646,6.795821860805518e-08,-1.5770110184374866,-1.5543780519579062,-0.004268513413206969,-0.7309187426129451,-0.6818950114104639,-0.9996941091071239,0.011135593537952421,-0.006089305028466064
55,1.885060263653484,True,0.6111665964126587,0.47099488973617554,8.133297768608827e-08,-1.5771771469132183,-1.560935611095023,-0.004678168093469375,-0.7331509925403558,-0.6800498047057881,0.009450902667708018,-0.958408764425441,0.2852425646905894,-0.9998179356106326,0.016009722574508098,-0.010381927296043793,0.6109492778778076,0.4695259153842926,7.251598646007552e-08,-1.5876245164433986,-1.558091205329446,-0.012076082886834944,-0.7233202834693432,-0.6901728950146003,-0.9997010387172116,0.016946087696570265,-0.0002957763128288292
56,1.9193340866290018,True,0.6100021600723267,0.470162034034729,9.085876939707305e-08,-1.609837318506483,-1.546312311019826,-0.028032629427283053,-0.7176658254809254,-0.6958232064426815,0.023495609516271658,-0.9594387863778646,0.2809362410356289,-0.9995815337904295,0.015155840170875505,0.024638543258223778,0.6118159532546997,0.4701093792915344,7.483405823904832e-08,-1.6000754864935147,-1.5601259662234392,-0.020392216330796603,-0.7088650585654047,-0.7042028777226077,-0.9995418640661871,0.022418527725872266,0.006181316218852008
57,1.9536079096045198,True,0.6146144866943359,0.47304269671440125,8.972395448836323e-08,-1.5988782848862926,-1.582343068331392,-0.02015592261259613,-0.7175647785186875,-0.6962000627786972,-0.01098056917992778,-0.9509246515903512,0.3092276412260943,-0.9991973602840039,0.03856797270487703,-0.010823432122686277,0.6133436799049378,0.46977410316467283,6.527489695429268e-08,-1.6252829576690686,-1.5640170828231266,-0.037537271443083116,-0.7023700121754041,-0.7092672725121376,-0.9986518774119333,0.03233350929823557,0.020446253750661204
58,1.9878817325800378,True,0.6136560440063477,0.4686797559261322,4.4231761364699196e-08,-1.6311186980747674,-1.5589490072338743,-0.04015611835153939,-0.664884339602597,-0.7458661415496455,0.011445267402109348,-0.9660186725045696,0.25821876428060603,-0.9991707468571305,0.031748566478295534,0.025492099786747994,0.6144718050956726,0.46663775444030764,4.850235093556421e-08,-1.677451429583145,-1.5657880961500397,-0.07017109144809935,-0.6783585874209892,-0.7276520268515076,-0.9957525127358096,0.04505158608434708,0.05272603560046778
59,2.0221555555555555,True,0.6172791123390198,0.46599113941192627,2.022702183523961e-08,-1.709403339964582,-1.5715454164355172,-0.09466351873052761,-0.6785841247344546,-0.7283971470838756,-0.0007213639181005762,-0.9629872635476423,0.26954593278163486,-0.9954918105174699,0.06018544456262171,0.07330598512706432,0.6165959596633911,0.46225388050079347,2.1914148007340372e-08,-1.7421477202485327,-1.5778568123881613,-0.10768713280583686,-0.6485196622360024,-0.7472767555011732,-0.9911304602371913,0.06776877912859168,0.08239856040199163
60,2.0564293785310737,True,0.616807222366333,0.45531314611434937,-2.5297524075540423e-09,-1.8380195064836011,-1.5697906777295896,-0.16784726811855058,-0.6130938687682813,-0.7719735764026389,0.0009773984894090614,-0.9719077893438228,0.23535992374445597,-0.9853211122300145,0.07960010650506565,0.1510169819529891,0.6173558712005616,0.4546873390674591,-6.977591127110827e-09,-1.8750356613456005,-1.581087990498481,-0.19144341557778866,-0.6108277359483252,-0.7532788522641416,-0.9683347823350388,0.08327671818313967,0.17465350894624138
61,2.0907032015065914,True,0.6206229329109192,0.4482426643371582,-4.2082245244046135e-08,-1.933318771833421,-1.6066558922104344,-0.21561283621597066,-0.5684711995559915,-0.7939468496910086,-0.03451999557897152,-0.9622313430939501,0.270035575939247,-0.9764712712973377,0.1287418053920985,0.17300116726584297,0.6181684255599975,0.4465076446533203,-2.8697360576757093e-08,-2.0464818014849113,-1.5952270448435355,-0.2987720048599695,-0.5661397280759128,-0.741572677268716,-0.9268807328886808,0.09605871099353479,0.29017731649774275
62,2.124977024482109,True,0.618414044380188,0.4352099895477295,-5.4734741183892766e-08,-2.2633179903716307,-1.598498958882989,-0.438937336472355,-0.5291051470803018,-0.726210546593539,-0.027559142984608598,-0.9945658801806988,0.10039523703017844,-0.8852189707732414,0.11610766797761692,0.4504513105985626,0.6181536912918091,0.4385955214500427,-5.2056538635270044e-08,-2.207441645085297,-1.6094671260856768,-0.4147921223498476,-0.5282805623936232,-0.7063994221758303,-0.8614770157039265,0.10159982617859645,0.42322105730704057
63,2.1592508474576273,True,0.6177188158035278,0.42778128385543823,-6.436708588353213e-08,-2.488349398771322,-1.6296442789591474,-0.5767990647624438,-0.44144430024053516,-0.687335266572518,-0.058806310024847305,-0.9981385673770121,0.016162246620673257,-0.7919004996253406,0.0956585305302712,0.6031111375442549,0.6178860187530517,0.4325907349586487,-8.174539729566277e-08,-2.405498772893467,-1.6285136585948123,-0.551888160247789,-0.460949928946569,-0.6404157443573217,-0.7585276374317387,0.09434134195932135,0.569277054656238
64,2.193524670433145,True,0.6172054409980774,0.42643052339553833,-9.656886845732515e-08,-2.51420255796651,-1.642745822646224,-0.674764106179918,-0.48928829632300636,-0.5525308716194474,-0.07188686641929598,-0.9974048662963997,0.00397632049456507,-0.6684732245936983,0.08789102048792997,0.7385246891735532,0.6168975234031677,0.4277236104011536,-1.0817446991495671e-07,-2.6334186230001295,-1.6432941244235242,-0.6967872379536552,-0.3601883435759784,-0.5485637143511999,-0.6296629818677844,0.05919485480474211,0.7230880301143486
65,2.2277984934086628,True,0.6154688596725464,0.42528921365737915,-1.5097404570951767e-07,-2.8283051455244532,-1.6650233402752666,-0.8533274576082578,-0.27644070153301037,-0.442055187310096,-0.09404981383539643,-0.9951636779886437,-0.02835289279143406,-0.47057422086907563,0.04330768540869022,0.8812969686989762,0.6163742780685425,0.4258650720119476,-1.2765223402766424e-07,-1.552683465650278,-1.6654963844979587,-0.8009067520088701,-0.2541303363194799,-0.4596390477190565,-0.5089213860765581,0.0304374588172611,0.8248295085565754
66,2.262072316384181,True,0.615680456161499,0.4239070415496826,-1.7422760834051587e-07,-3.0729180223667316,-1.6805582213539936,-0.9401082247453015,-0.06466327270303823,-0.3346866996603987,-0.10900288335608616,-0.9890936019804586,-0.09905664006709333,-0.3321479934775659,-0.046990630380797774,0.9420560445563959,0.615970504283905,0.42554839253425597,-1.43734774837867e-07,-0.47032902682955857,-1.6886403072709726,-0.877391602611417,-0.12330979323807616,-0.3594101603611405,-0.39033446793045534,0.0032762455395520017,0.9000440235106405
67,2.2963461393596987,True,0.6157978177070618,0.42591729760169983,-1.5212356174743036e-07,3.140357796377628,-1.709510259255162,-0.9595349067484291,0.0011848892021908799,-0.2815872134328226,-0.13784346966969308,-0.9873429689501138,-0.07844131267511509,-0.2815109918171101,-0.02767931195978812,0.9591587028096966,0.6152543306350708,0.42616010308265684,-1.524231123539721e-07,0.6160096940298662,-1.714014057381522,-0.9342099489724147,0.01825828939582904,-0.2851423381985557,-0.295118273445577,-0.020486270755353683,0.9485052477295699
68,2.3306199623352164,True,0.6156999468803406,0.42619788646698,-1.44779789934546e-07,2.9234227953322733,-1.7453638928242172,-0.9592233177751782,0.21265841516648334,-0.18619082978293783,-0.17313967834931435,-0.981725044725438,-0.07898473485384876,-0.19896590889482665,-0.04014753585827429,0.9791837123145809,0.614423406124115,0.42737621665000913,-1.554724946117858e-07,1.7563868907586986,-1.7397795553576245,-0.9552630060167095,0.12619595521975863,-0.2184574508457279,-0.2255368088402748,-0.036634256742993816,0.970594200011935
69,2.3648937853107346,True,0.6136245727539062,0.4294890761375427,-1.4001055603785062e-07,2.9174910463306145,-1.7696145731989703,-0.9588558379849064,0.21855211684651957,-0.18119176080652352,-0.1969667946246632,-0.977599656796598,-0.0741821598934646,-0.19239225216930692,-0.030921560986598446,0.9808308102682002,0.6132046818733216,0.4294603645801544,-1.5790604948051624e-07,2.931329062599368,-1.766580376149917,-0.9544639307657586,0.20531397151053415,-0.17533622490472398,-0.1847439686873803,-0.028383371842753913,0.9805297592848431
70,2.3991676082862523,True,0.6113142371177673,0.4313697814941406,-1.662209569985862e-07,2.87358083811971,-1.7938508301557805,-0.9585927428297322,0.26324762758663756,-0.10863075054595676,-0.22071241340727604,-0.9730349312145034,-0.06700039704600663,-0.12266689784256453,-0.03743224452951044,0.9917417301108009,0.6118037462234497,0.4314899742603302,-1.6369500599466846e-07,2.8575406074126697,-1.791153590915266,-0.9475996830964808,0.27688596412070626,-0.14356788556033964,-0.15386012945524624,-0.020533137825491155,0.9870627098931137
71,2.43344143126177,True,0.6095868349075317,0.43432778120040894,-1.86395382684168e-07,2.801792836836617,-1.8145623253154541,-0.936112848490548,0.33092680875083935,-0.1190805699553792,-0.2411214361189287,-0.9694807664032524,-0.04435647211070504,-0.12818379271309335,-0.00573620587959827,0.9917338409209366,0.6101298451423645,0.43367568850517274,-1.732208147586789e-07,2.823513655733663,-1.8106113014381233,-0.9396925453841268,0.3095984228829657,-0.12880872563878448,-0.1376164765114245,-0.010739928119813998,0.9898268461921363
72,2.467715254237288,True,0.6087931394577026,0.43606534600257874,-1.8106834431819152e-07,2.771415520444135,-1.8323763330819078,-0.925213668402039,0.3590448522530516,-0.12274551671090081,-0.2584775947812863,-0.9654987168283434,-0.03164744537720983,-0.12709179565643966,0.011571858126525674,0.9918234558510508,0.608686375617981,0.43566349148750305,-1.8484338397684042e-07,2.7913793766267383,-1.826365308117245,-0.9322049629708958,0.3405150705194323,-0.11425816969846943,-0.12120455252887652,-0.0012860863203208103,0.9924127371758271
73,2.501989077212806,True,0.6073304414749146,0.4371264576911926,-1.9240883375459816e-07,2.7532880369372377,-1.8426524454385034,-0.9196876292134089,0.37622070897778037,-0.1123950301751622,-0.2683652245670948,-0.9627194584675708,-0.03393155656553756,-0.11774764417571806,0.00881851267011149,0.9930043938096929,0.6074755787849426,0.43763996958732604,-1.9538245794592511e-07,2.771378340644604,-1.8360098656183024,-0.9261155929156821,0.3594411097697318,-0.11299531877649815,-0.11797245682771924,0.007808564394724068,0.9929202912233993
74,2.536262900188324,True,0.6064072251319885,0.43942809104919434,-1.981234021286582e-07,2.7568196507959906,-1.84838460659458,-0.921417925918751,0.3731353550288525,-0.10843898110494826,-0.2739367843097824,-0.9613672568163206,-0.027048765655355585,-0.110332632256567,0.016347648010867494,0.9937602651866546,0.6065325498580932,0.43951037526130676,-2.0344114659565093e-07,2.7697518370443612,-1.8410049982926822,-0.9259913976572566,0.3611139121896146,-0.10891414429630723,-0.11240873979952051,0.011477381166753056,0.99354767880039
75,2.570536723163842,True,0.6052602529525757,0.4412521719932556,-2.1891632684400975e-07,2.77357565820904,-1.842073617661067,-0.9281458925536645,0.35787782383813527,-0.10231649593610032,-0.2678174596660016,-0.9629088941665926,-0.03286745857104253,-0.1065064193367782,0.008041009045713953,0.9942795003486621,0.6058066368103028,0.4412662386894226,-2.1142199386758874e-07,2.7726433876497025,-1.844053344478347,-0.927670095055411,0.3586763579954898,-0.10232927716230322,-0.10430617400870501,0.014136400135160255,0.9943699065957393
76,2.6048105461393596,True,0.6048716902732849,0.4436798095703125,-2.2668882593279704e-07,2.7936603188354034,-1.8395379886873533,-0.9354918721984196,0.3392908208502532,-0.09867469755442462,-0.26542141691071713,-0.9637533463498948,-0.02703625056265739,-0.10036520757209967,0.012607877980546668,0.9948707788058895,0.6054954171180725,0.4430188775062561,-2.1640577188009047e-07,2.7783776399029305,-1.8459158336145678,-0.9298528378167641,0.3534105186223506,-0.10135103401696122,-0.10118810681238535,0.019124535478564002,0.9946080784767222
77,2.6390843691148778,True,0.60516357421875,0.44484466314315796,-2.2097258067788061e-07,2.785873273470841,-1.8476180640102304,-0.9336071553928112,0.3468570812824277,-0.0898211810408808,-0.27327735508197426,-0.961850016101734,-0.012807565127479955,-0.08657896670236212,0.024866952968561663,0.9959345948277982,0.6052318453788758,0.4441000699996948,-2.2171022635575354e-07,2.7803312198763814,-1.84641981111597,-0.930800033699089,0.35169629739893393,-0.09898354012972524,-0.09827528556207442,0.01993707639410889,0.994894896711717
78,2.6733581920903955,True,0.6057743430137634,0.4458896517753601,-2.1732772381710674e-07,2.781959298203377,-1.851964891119607,-0.930601343020174,0.3498915121120844,-0.10750381444845211,-0.2774620336549019,-0.9606747793913353,-0.010898996352675177,-0.10215730819411978,0.03375918938713023,0.9941952532146064,0.6052428126335144,0.44486178159713746,-2.2468863676294858e-07,2.7849178175854097,-1.8467151866558886,-0.9327430943239833,0.3475468378720816,-0.0949633379046678,-0.09378319013363198,0.020166552016282695,0.9953228999700846
79,2.7076320150659132,True,0.6050893664360046,0.44483405351638794,-2.246456745069736e-07,2.7665875506632447,-1.8509044941015909,-0.9261539053303758,0.364564248911769,-0.09660151166876829,-0.276403539427131,-0.9608306569553712,-0.020137826269595982,-0.09576852600501236,0.02041035258859192,0.9951943563616288,0.6056522607803345,0.4455780029296875,-2.2326694590901752e-07,2.7904720391623217,-1.8462107330930373,-0.9336276975318742,0.34201787894370933,-0.10311155260366475,-0.10033041664790869,0.02595561179375968,0.9943949374815059
80,2.7419058380414314,True,0.605315089225769,0.44506072998046875,-2.3380837887998496e-07,2.7965086467541815,-1.8435504953606623,-0.9378611956781355,0.33713052620387374,-0.08221548481081316,-0.26930141597791996,-0.9627344934594645,-0.0248805638126572,-0.08404594219456597,0.009188387156582989,0.9964195166405004,0.6056086540222168,0.44516470432281496,-2.2363510936429521e-07,2.8019347021677183,-1.8376449899517837,-0.9364665539818043,0.33095343512301567,-0.11097742203768768,-0.11093653119279615,0.01792830261352596,0.9932257971150114
81,2.776179661016949,True,0.6069189310073853,0.44726091623306274,-2.195803716631417e-07,2.821431426719964,-1.8370157208730962,-0.9399148882378751,0.3116460262083918,-0.13941577104940944,-0.26307276726943146,-0.9647242488301616,-0.009992138924371122,-0.1331013401434832,0.04155317686793159,0.9902309663629951,0.6052080035209656,0.4437095522880554,-2.2093699385550282e-07,2.822870447432707,-1.823354150328845,-0.9435250623278396,0.3113226061040603,-0.10160481061319575,-0.10503337105575399,0.0034470922979320724,0.9937085597720534
82,2.810453483992467,True,0.6049455404281616,0.44277817010879517,-2.2281339795426902e-07,2.8431865884978262,-1.8047893483039623,-0.947801437642461,0.2915348621789596,-0.12915052821099535,-0.23145824794111927,-0.9710478633302801,-0.059102678295699894,-0.1396095394267994,-0.015269592932606935,0.9900888929953257,0.6050243258476258,0.44195601940155027,-2.105628425397299e-07,2.873619246726028,-1.804366742571278,-0.9495094641878413,0.26171104244816573,-0.13607859609027684,-0.14031334832644599,-0.00306858051674362,0.9871042274796908
83,2.844727306967985,True,0.6037710905075073,0.4386138916015625,-2.0383714627314475e-07,2.886638024528317,-1.7805106930049137,-0.9658938847503505,0.25173736701730753,-0.060640757325992466,-0.20786838358547222,-0.9766238542427168,-0.05474104885425165,-0.07264150750890898,-0.03864686219083921,0.9966090664998165,0.6044849991798401,0.43982410430908203,-1.885150453517781e-07,1.7122290586371929,-1.7772242304570849,-0.94005159071588,0.17079031355350668,-0.2075176668505386,-0.212624498080796,0.0014116889640424333,0.9667550856350271
84,2.8790011299435028,True,0.6041709780693054,0.4360663890838623,-1.7277491792810906e-07,3.020331547129853,-1.7559674553137552,-0.9560759146303849,0.11650643063229593,-0.2689704390541737,-0.18357044222779512,-0.9799990037343129,-0.07683648495373827,-0.2721684123584725,-0.012168011484786537,0.9621726948998162,0.6041673421859741,0.4371748208999634,-1.5835953632858945e-07,0.6538535932832704,-1.7445486857308659,-0.8813364876844642,0.005806592781073716,-0.29255867760709364,-0.3312305017901334,0.030371657459767866,0.9010729059170476
85,2.9132749529190205,True,0.6026184558868408,0.43440115451812744,-1.2356939294022595e-07,-3.0104422936899957,-1.7078379347896977,-0.8905718283183285,-0.11747311826942146,-0.439410838612122,-0.13638344208251119,-0.9889594449367026,-0.05795492210516016,-0.4456016909663158,0.031589734560513255,0.8946738074171817,0.6045948624610901,0.43701361417770385,-1.1836416362598356e-07,-0.357366532825799,-1.715473376068368,-0.7765172077283718,-0.16581463105981875,-0.40807510380814876,-0.4840129449529898,0.07523598182465367,0.7778737578914668
86,2.9475487758945387,True,0.6053306460380554,0.4340144991874695,-6.880282654719849e-08,-2.4704459000496475,-1.6736379972420008,-0.6463393730807949,-0.513272577653773,-0.5646208248321847,-0.1021326171320479,-0.9896017548510222,0.1012783062335456,-0.7261313586901704,0.18635301934655873,0.661820067773098,0.6054635047912598,0.4392929434776306,-7.68407288020967e-08,-1.3106970431865528,-1.6864919817194586,-0.6257812603176625,-0.3490177738157731,-0.5392926092063302,-0.664922710953407,0.11301808868051069,0.608565190417734
87,2.9818225988700564,True,0.6070831418037415,0.44197213649749756,-2.2836534441239564e-08,-2.2129140420475215,-1.6594127999914714,-0.42370503786200076,-0.5665712570255028,-0.7067326592162712,-0.08635909841955036,-0.9719741828873828,0.2186510780228789,-0.9035217552410812,0.20905202889182214,0.37409315286742223,0.6056810259819031,0.4427416920661926,-2.1290682461483355e-08,-2.26161803998322,-1.659719110113287,-0.45973335512238755,-0.5248950427847733,-0.6123337593668625,-0.8088722997858502,0.1369089373623706,0.4296829296317317
88,3.0160964218455746,True,0.6081143021583557,0.4500105381011963,3.780027846289613e-09,-1.880014527275452,-1.6356037212603691,-0.21221414769680338,-0.6642783467624642,-0.7167282843168997,-0.062120782119415484,-0.9572023255775964,0.28267422298064826,-0.9771903375109952,0.15026367208844577,0.15006622913115253,0.6066290736198425,0.44746235609054563,2.3074123767230504e-08,-1.9821282532341375,-1.6436860966640683,-0.28871428105170843,-0.6694473005397381,-0.6326638944845991,-0.919135615540144,0.14412264960941285,0.24280759267031177
89,3.0503702448210923,True,0.605258584022522,0.45331013202667236,1.0497531377495761e-07,-1.7342734368534842,-1.6221030972828958,-0.12583638865400973,-0.7628799142127054,-0.6341761898568349,-0.04882403632591091,-0.9507748612195389,0.3060120532753775,-0.9919163565206881,0.10728623192451313,0.06776139096980392,0.6068678498268127,0.45300890803337096,4.6886258964207174e-08,-1.790714721385872,-1.634591116529851,-0.14957594302601895,-0.7385089569019625,-0.6217991742672986,-0.9721136093659026,0.11114612809416305,0.08404983044192438
90,3.08464406779661,True,0.6073586940765381,0.4580044746398926,9.825463820334335e-08,-1.6129933599445823,-1.6276728675436047,-0.035476457964933615,-0.840234407044245,-0.5410615142008054,-0.052779067794268365,-0.9269576249618262,0.37143496271608356,-0.9969182697377852,0.06765829579572451,-0.039702877389917755,0.6059844374656678,0.45753872990608213,5.002726384262246e-08,-1.6245261474144868,-1.6288264483755177,-0.030309574209076318,-0.8058594554622263,-0.5589908340946337,-0.983342386934391,0.05645010203210279,-0.04550119391538772
91,3.118917890772128,True,0.6065245270729065,0.46174725890159607,5.0257849437684854e-08,-1.513378240808322,-1.6281630965709155,0.049352317047652604,-0.858580859464895,-0.5102972237456813,-0.052762234920046676,-0.9187260010722598,0.39135493036375046,-0.9910213278189642,0.021470411770309734,-0.13196874336883915,0.6053601145744324,0.46000341773033143,5.927918733661386e-08,-1.5196365865698382,-1.6341746958283914,0.05261515610790257,-0.8581775238353659,-0.479456638318975,-0.9744467581429589,0.009803787020555638,-0.14570398057866107
92,3.153191713747646,True,0.6026660799980164,0.46462124586105347,-7.1315100491631256e-09,-1.3819711721905932,-1.630589459219804,0.17262680622271254,-0.9033237498268217,-0.39269095835294665,-0.053396773205267735,-0.8919606788071058,0.4489486964823845,-0.9596656430835225,-0.06442810141847921,-0.27366196891913813,0.6044641017913819,0.4591866672039032,5.0175750754277716e-08,-1.4385798617845098,-1.6405901947899206,0.12281305701453964,-0.888183595924807,-0.4207098442511851,-0.9612979932924322,-0.0300634510687857,-0.23239482468917316
93,3.1874655367231637,True,0.604992687702179,0.4623339772224426,5.0039645316246606e-08,-1.3555667230522093,-1.6623449585247354,0.2024095038880911,-0.9258686886281621,-0.31905730543860683,-0.0811478050156697,-0.8839124374377872,0.460558179477825,-0.9327121935538347,-0.08296790296928996,-0.3509477041852143,0.6033071160316468,0.4586095094680786,5.222181682640326e-08,-1.3837683537549226,-1.647111468518175,0.17354450989987366,-0.9049521244293386,-0.3752601870389559,-0.9470868979616052,-0.06246449593110269,-0.29763259176223783
94,3.221739359698682,True,0.6007785201072693,0.44922637939453125,5.945813086327689e-08,-1.3289898129268427,-1.6541805920905437,0.22515311587917558,-0.9129102746599111,-0.34044221951788567,-0.07445955378924513,-0.8908983325735008,0.44805796038823203,-0.9261725322680541,-0.09204995852219358,-0.3656928295827564,0.6015566349029541,0.4564035594463348,5.546648678134147e-08,-1.3493665820034437,-1.6502304998692634,0.2068166643817062,-0.9179700790220509,-0.3365412272346675,-0.9354173687831139,-0.08653264805764911,-0.3406202403524269
95,3.2560131826741996,True,0.6015737652778625,0.45511868596076965,1.0848496856397105e-07,-1.3389358197966457,-1.6602792361848766,0.21818080646173654,-0.9240770495669031,-0.313813228139659,-0.07910889089722334,-0.881706148894262,0.4651193936862454,-0.9258627930836508,-0.09434692851586042,-0.365891712755241,0.6005753874778748,0.4548176109790802,6.511198833436537e-08,-1.3430621878285056,-1.651813992114566,0.21336414829546335,-0.9206793974953852,-0.3264645022065754,-0.9321377993761996,-0.09208471640355553,-0.3496835065736185
96,3.2902870056497173,True,0.5977721214294434,0.4507175087928772,6.648119921237594e-08,-1.3413693820509283,-1.6437582533263573,0.21571308945681542,-0.9236706324284558,-0.3167024247242394,-0.06479884729855061,-0.8865421354395023,0.4580874932577248,-0.9326736819265072,-0.09887034886242234,-0.3469069863197847,0.5991919994354248,0.4535697638988495,6.531894527483928e-08,-1.339609205941461,-1.6500405396760898,0.2161158307776132,-0.9180982839086781,-0.33186858047658657,-0.9322188164164231,-0.09326409330651539,-0.34917759182889635
97,3.3245608286252355,True,0.5977598428726196,0.4566915035247803,4.10959977159564e-08,-1.3504492013159022,-1.6385069204463187,0.20536422579149818,-0.9168703421934937,-0.3423073332124863,-0.05972432583898913,-0.8807045030965217,0.46988571283726727,-0.943267796048951,-0.0921884431480113,-0.31897830002509625,0.5989030003547668,0.454495906829834,6.832383618871063e-08,-1.3428337835440722,-1.6505291795679278,0.21334376391791401,-0.9195732471291951,-0.32963777460297966,-0.9334519383243747,-0.0925794143414167,-0.34615062881448194
98,3.3588346516007532,True,0.5980757474899292,0.45609474182128906,5.107443001861611e-08,-1.338301813616987,-1.6534776963323523,0.21616791629884038,-0.912963120694627,-0.3460776967886624,-0.07357390892180683,-0.8878200414181369,0.45427134400296876,-0.933117278754953,-0.0888647874840893,-0.34841813046160347,0.5978871941566467,0.4539429247379303,5.934700411103222e-08,-1.3418550666913416,-1.6460699433274013,0.21437276043811093,-0.9198760376430082,-0.32800021014618275,-0.9341754789251352,-0.09526604715227135,-0.34352707604799565
99,3.3931084745762714,True,0.5993335247039795,0.45385709404945374,7.448258543263364e-08,-1.3451127009398989,-1.6566237915497335,0.2112927815806795,-0.9202850907624955,-0.3292881901498513,-0.07592299744542307,-0.8824270975264812,0.4642823666799035,-0.9323381418078107,-0.0886265636967001,-0.3505580145106844,0.5974251866340637,0.4539055466651917,5.428287508379981e-08,-1.3387130883840368,-1.642619374665052,0.2170896979772181,-0.9184568970899354,-0.3301770290854508,-0.9344025590667867,-0.09792998457091211,-0.34209094882429836
100,3.427382297551789,True,0.596494734287262,0.4523537755012512,6.3600808175579e-08,-1.3340422355329904,-1.637983054982245,0.22332578906272108,-0.9255910021359689,-0.30562540585567444,-0.05939126296019275,-0.8826426361894654,0.4662774438727487,-0.9294804960874544,-0.1077800925701337,-0.35277394892280955,0.5969939589500427,0.45332381725311277,5.37627435903687e-08,-1.3311264536732468,-1.6407242298680054,0.22390099845666098,-0.9163379109025029,-0.3313840901626498,-0.9317641755779983,-0.10171601191376552,-0.348327144783979
101,3.461656120527307,True,0.5954620838165283,0.45053061842918396,4.1160554076213884e-08,-1.3256594905144046,-1.6265054100146108,0.22929777715235153,-0.9165749296630913,-0.3275865194205798,-0.04917525414348121,-0.8818018345196722,0.46904937801649893,-0.9338090826347644,-0.11219003595562611,-0.3397263502012983,0.5964890956878662,0.4527963399887085,4.596492111375028e-08,-1.323523529719906,-1.636091477215756,0.23039738806961046,-0.9130775454549592,-0.33542748057273586,-0.9303601024372066,-0.10580238156032125,-0.35086505372336274
102,3.495929943502825,True,0.5956037044525146,0.453782856464386,3.849534024880086e-08,-1.3125160277619525,-1.6290311964610857,0.2394207281887124,-0.9062754112563325,-0.34834263859848114,-0.05180656284884979,-0.8886082519696873,0.4557317792047917,-0.9300758786050085,-0.11111857986227833,-0.3501592798234995,0.5959256291389465,0.4526101887226105,3.391186655932188e-08,-1.3166430057877243,-1.6315704754683433,0.23666641858230494,-0.9113769850193103,-0.3358359397987002,-0.9285615572237822,-0.11053390612659761,-0.3541906361393959
103,3.5302037664783428,True,0.5955514311790466,0.4534573554992676,1.2085317635524007e-08,-1.3002871938502842,-1.6303139330711054,0.24864986436358777,-0.8966612934569079,-0.36629464883909274,-0.0534208449539533,-0.8965036571274811,0.43980382681538505,-0.9260969130509947,-0.10929663571686794,-0.3611076751585218,0.5958418130874634,0.45290019512176516,2.5214207788337716e-08,-1.3102665168445127,-1.6290043378458274,0.24172667517662463,-0.9068874732651679,-0.3447155726854025,-0.9278018992339716,-0.1120132720461082,-0.35570434983276666
104,3.5644775894538605,True,0.5965161919593811,0.4529263377189636,1.4217312660491643e-08,-1.3107100812789898,-1.6340187828126713,0.24263793414415213,-0.9117822885842507,-0.3313304862796726,-0.056464688897689984,-0.8919210217669813,0.44865201419121165,-0.9233454157406888,-0.11228418652808193,-0.3671859265908503,0.5958655118942261,0.4534884631633759,2.486434222959133e-08,-1.3023057782071388,-1.6289156164092902,0.24845381015589013,-0.9031037621013311,-0.34993129766084324,-0.9247888842075186,-0.11378154436212509,-0.36292844841797856
105,3.5987514124293787,True,0.5960756540298462,0.45380380749702454,2.0112514320658192e-08,-1.3021597908169316,-1.6251523668696652,0.24862707203431916,-0.9031434433652568,-0.3500235702891861,-0.04870840282983814,-0.895216472142493,0.4429615779032255,-0.9256822061384018,-0.11517692216768671,-0.3603425173896635,0.5958854794502259,0.4533046543598175,2.5483715937468786e-08,-1.297188647290646,-1.6293640799975655,0.2528834957828169,-0.9011624593566478,-0.351745855615145,-0.9221390134155903,-0.11456909231902505,-0.36936649947977795
106,3.6330252354048964,True,0.5955805778503418,0.45347195863723755,3.941122628248195e-08,-1.2858557973275353,-1.6260618028319238,0.26293345204867924,-0.8976563738439074,-0.3536651442977837,-0.049619967371001716,-0.8969331849943111,0.43937309942014174,-0.9187440075024991,-0.12103139753571047,-0.3758468431273577,0.5961555957794189,0.45336043238639834,3.436661391020834e-08,-1.2987566664276453,-1.6313084771070923,0.2518809073855238,-0.9030527278651892,-0.34765366378874857,-0.9209504750963777,-0.11336143623468886,-0.37268407241220103
107,3.667299058380414,True,0.5957035422325134,0.45286381244659424,4.1592208788188145e-08,-1.2869303731794892,-1.6312735144024617,0.26156915632334626,-0.8965688975329166,-0.3574154283699898,-0.05454731490915334,-0.9008487125981869,0.43069268329795285,-0.9168265246453674,-0.11505631964677815,-0.3823495351324963,0.5960108518600464,0.45328096151351926,4.2440522562969817e-08,-1.2967567113189267,-1.6327586649153196,0.2535168462391369,-0.9018896606586557,-0.34959736001206976,-0.919495673271415,-0.11255638935023382,-0.37647205844891085
108,3.7015728813559323,True,0.5969020128250122,0.45373624563217163,5.649980749922179e-08,-1.3081272895352811,-1.6400359186187397,0.24363692237712253,-0.9061126359996144,-0.34583368970711076,-0.06250888918883445,-0.9013479698021459,0.4285609362808607,-0.920154221454931,-0.10325835529518704,-0.3776955398206373,0.5955830454826355,0.4524511158466339,4.118900225336119e-08,-1.2965334100542905,-1.6347125078067613,0.25349111066546726,-0.9010116642122303,-0.3518396567430958,-0.9186431783393573,-0.11038547177496187,-0.3792640997220843
109,3.73584670433145,True,0.5957924723625183,0.4525289833545685,5.4586855924299016e-08,-1.3007103057353964,-1.641269721853809,0.25081762841221716,-0.9059669525515835,-0.3410489673962782,-0.06342425846625693,-0.8984840986349162,0.4344003774609407,-0.9160714066158755,-0.10825895210580674,-0.38612585677439953,0.5952621817588806,0.4520067036151886,4.077450501682733e-08,-1.3039870395015745,-1.6381675203237687,0.2463205054075767,-0.9010871462893799,-0.35646438863030605,-0.921025649933379,-0.10340403486947351,-0.3752175401915929
110,3.770120527306968,True,0.5939366221427917,0.44965457916259766,1.385491277261508e-08,-1.30104328449375,-1.634921581326872,0.248498394165971,-0.8987534611331298,-0.3612350539443168,-0.05794348145933535,-0.9023595768897679,0.427071126338097,-0.9214197314781138,-0.104322334291327,-0.374302723755531,0.5944542169570923,0.45110573172569274,3.026675141626356e-08,-1.3100163581934716,-1.6378713526949782,0.24041034381352477,-0.9007256061492377,-0.3612885468250009,-0.9243530323623343,-0.09929639147776362,-0.3679465754807535
111,3.804394350282486,True,0.5939762592315674,0.451249897480011,3.733874009981264e-08,-1.323123944563956,-1.6433368654169611,0.22708042575922635,-0.8980337842296549,-0.3767888037338347,-0.06570366647674718,-0.9041617308078825,0.4221073237388883,-0.9306563654726066,-0.08612421300826864,-0.35561404547490066,0.5932685256004333,0.45038077235221863,1.774206257465494e-08,-1.3143094863993565,-1.636827547316469,0.23597489736984917,-0.8995570661052144,-0.3670803703335883,-0.9272262089230278,-0.09586837693081036,-0.3614743383435903
112,3.8386681732580037,True,0.5916637182235718,0.448358952999115,-1.0946559214630724e-08,-1.3170769666389748,-1.629792676258508,0.23201834835308682,-0.894761196832206,-0.38153621934346404,-0.05329669398808717,-0.9023413455469963,0.42771434220327065,-0.933463436790144,-0.09451810268822863,-0.34599471157829903,0.5924108386039734,0.45002257227897646,6.383934225695498e-09,-1.3235460026820087,-1.635306755868836,0.22711675211482799,-0.8997490607532868,-0.37230903815826244,-0.9322657477831733,-0.09055668241388225,-0.34977397490316686
113,3.872941996233522,True,0.5909735560417175,0.450111448764801,-6.123636708821323e-09,-1.3295929305647045,-1.6348168917261943,0.2214596901587444,-0.900269935779498,-0.3747928072500478,-0.058206790455789324,-0.9079464704579671,0.41502430811671204,-0.934520104258399,-0.08611828256042083,-0.34533435413482133,0.5918938755989075,0.4505647361278534,2.8348064784466943e-09,-1.3317599409544814,-1.635560930771878,0.21950936464476412,-0.9008421699960663,-0.3743840192553517,-0.9355661275259186,-0.0856045736633299,-0.3424331864029767
114,3.9072158192090396,True,0.5915040373802185,0.45073798298835754,-2.203785820498183e-09,-1.3468928871486578,-1.6336657646156436,0.2065269021371113,-0.9069269257919451,-0.3671923065196488,-0.056870614016960724,-0.9033907085090899,0.42503054130353796,-0.9412691009166034,-0.08170047952116617,-0.3276240395722824,0.5911779999732971,0.4507200658321381,-7.079103214735483e-09,-1.3348731221074168,-1.634540860504989,0.21671277390500557,-0.9015465335836745,-0.3743354780242578,-0.9369219120528882,-0.0843921240196326,-0.3390761983108869
115,3.9414896421845573,True,0.5913518071174622,0.4523653984069824,-3.890725963628938e-09,-1.3421129758561137,-1.6361924558420837,0.21046145681565165,-0.9042190073470272,-0.3716099594297633,-0.059508220799130374,-0.9086679204281122,0.4132570411283659,-0.9379216301918404,-0.07956179053856521,-0.33759878125458015,0.5911801338195801,0.4517437517642975,1.3752678551526287e-09,-1.339031035259974,-1.6363938961395594,0.21345168776802587,-0.904449494752017,-0.36921393162701427,-0.9367443429884345,-0.08224854233737924,-0.340099843141383
116,3.9757634651600755,True,0.5903968811035156,0.4520265460014343,-1.2230808366098245e-08,-1.338689850328633,-1.6382365140825168,0.2130974720604337,-0.9015556021676959,-0.37654609757836516,-0.061238358079093475,-0.9066625015988432,0.4173882745050517,-0.9374352881074539,-0.08006196478978218,-0.33882910501445157,0.5912317782640457,0.4521518275141716,3.2499939961461166e-09,-1.3413905614337913,-1.6367881472429002,0.21144968717034626,-0.9054943844951467,-0.36781921272125584,-0.9373004026709432,-0.08128110728161883,-0.3387912153930233
117,4.010037288135593,True,0.5916743874549866,0.4534773826599121,3.132529613480983e-08,-1.337866532401761,-1.6390578544313574,0.21571291766818837,-0.9092760026739185,-0.35592848735724614,-0.06190210433890114,-0.9054284236494964,0.41996130670099074,-0.9325755914678752,-0.08380019427696181,-0.3511129357307791,0.5911410252253214,0.4526231090227763,5.067920601694216e-09,-1.339556452862169,-1.6378289414519862,0.21309061551475791,-0.9050168707295473,-0.3680281814551249,-0.9359775032557232,-0.08114131653510306,-0.34251360733327024
